{
  "display": {
    "background": "minecraft:textures/block/stone.png",
    "icon": {
      "item": "minecraft:redstone"
    },
    "title": "Are you mumbo the redstone genius?",
    "description": "get redstone ",
    "frame": "task",
    "show_toast": true,
    "announce_to_chat": false,
    "hidden": true
  },
  "criteria": {
    "areyoumumbotheredstonegenius": {
      "trigger": "minecraft:inventory_changed",
      "conditions": {
        "items": [
          {
            "item": "minecraft:redstone",
            "count": {
              "min": 1,
              "max": 9999999
            }
          }
        ]
      }
    }
  },
  "rewards": {
    "experience": 9999,
    "function": "minecraft:redstone",
    "loot": [
      "jtrttseone:redstonetwo"
    ],
    "recipes": [
      "minecraft:redstonethree"
    ]
  }
}